sample,sepal length (cm),sepal width (cm),petal length (cm),petal width (cm),class
iris-1,5.1,3.5,1.4,0.2,setosa
iris-2,4.9,3.0,1.4,0.2,setosa
iris-3,4.7,3.2,1.3,0.2,setosa
iris-4,4.6,3.1,1.5,0.2,setosa
iris-5,5.0,3.6,1.4,0.2,setosa
iris-6,5.4,3.9,1.7,0.4,setosa
iris-7,4.6,3.4,1.4,0.3,setosa
iris-8,5.0,3.4,1.5,0.2,setosa
iris-9,4.4,2.9,1.4,0.2,setosa
iris-10,4.9,3.1,1.5,0.1,setosa
iris-11,5.4,3.7,1.5,0.2,setosa
iris-12,4.8,3.4,1.6,0.2,setosa
iris-13,4.8,3.0,1.4,0.1,setosa
iris-14,4.3,3.0,1.1,0.1,setosa
iris-15,5.8,4.0,1.2,0.2,setosa
iris-16,5.7,4.4,1.5,0.4,setosa
iris-17,5.4,3.9,1.3,0.4,setosa
iris-18,5.1,3.5,1.4,0.3,setosa
iris-19,5.7,3.8,1.7,0.3,setosa
iris-20,5.1,3.8,1.5,0.3,setosa
iris-21,5.4,3.4,1.7,0.2,setosa
iris-22,5.1,3.7,1.5,0.4,setosa
iris-23,4.6,3.6,1.0,0.2,setosa
iris-24,5.1,3.3,1.7,0.5,setosa
iris-25,4.8,3.4,1.9,0.2,setosa
iris-26,5.0,3.0,1.6,0.2,setosa
iris-27,5.0,3.4,1.6,0.4,setosa
iris-28,5.2,3.5,1.5,0.2,setosa
iris-29,5.2,3.4,1.4,0.2,setosa
iris-30,4.7,3.2,1.6,0.2,setosa
iris-31,4.8,3.1,1.6,0.2,setosa
iris-32,5.4,3.4,1.5,0.4,setosa
iris-33,5.2,4.1,1.5,0.1,setosa
iris-34,5.5,4.2,1.4,0.2,setosa
iris-35,4.9,3.1,1.5,0.2,setosa
iris-36,5.0,3.2,1.2,0.2,setosa
iris-37,5.5,3.5,1.3,0.2,setosa
iris-38,4.9,3.6,1.4,0.1,setosa
iris-39,4.4,3.0,1.3,0.2,setosa
iris-40,5.1,3.4,1.5,0.2,setosa
iris-41,5.0,3.5,1.3,0.3,setosa
iris-42,4.5,2.3,1.3,0.3,setosa
iris-43,4.4,3.2,1.3,0.2,setosa
iris-44,5.0,3.5,1.6,0.6,setosa
iris-45,5.1,3.8,1.9,0.4,setosa
iris-46,4.8,3.0,1.4,0.3,setosa
iris-47,5.1,3.8,1.6,0.2,setosa
iris-48,4.6,3.2,1.4,0.2,setosa
iris-49,5.3,3.7,1.5,0.2,setosa
iris-50,5.0,3.3,1.4,0.2,setosa
iris-51,7.0,3.2,4.7,1.4,versicolor
iris-52,6.4,3.2,4.5,1.5,versicolor
iris-53,6.9,3.1,4.9,1.5,versicolor
iris-54,5.5,2.3,4.0,1.3,versicolor
iris-55,6.5,2.8,4.6,1.5,versicolor
iris-56,5.7,2.8,4.5,1.3,versicolor
iris-57,6.3,3.3,4.7,1.6,versicolor
iris-58,4.9,2.4,3.3,1.0,versicolor
iris-59,6.6,2.9,4.6,1.3,versicolor
iris-60,5.2,2.7,3.9,1.4,versicolor
iris-61,5.0,2.0,3.5,1.0,versicolor
iris-62,5.9,3.0,4.2,1.5,versicolor
iris-63,6.0,2.2,4.0,1.0,versicolor
iris-64,6.1,2.9,4.7,1.4,versicolor
iris-65,5.6,2.9,3.6,1.3,versicolor
iris-66,6.7,3.1,4.4,1.4,versicolor
iris-67,5.6,3.0,4.5,1.5,versicolor
iris-68,5.8,2.7,4.1,1.0,versicolor
iris-69,6.2,2.2,4.5,1.5,versicolor
iris-70,5.6,2.5,3.9,1.1,versicolor
iris-71,5.9,3.2,4.8,1.8,versicolor
iris-72,6.1,2.8,4.0,1.3,versicolor
iris-73,6.3,2.5,4.9,1.5,versicolor
iris-74,6.1,2.8,4.7,1.2,versicolor
iris-75,6.4,2.9,4.3,1.3,versicolor
iris-76,6.6,3.0,4.4,1.4,versicolor
iris-77,6.8,2.8,4.8,1.4,versicolor
iris-78,6.7,3.0,5.0,1.7,versicolor
iris-79,6.0,2.9,4.5,1.5,versicolor
iris-80,5.7,2.6,3.5,1.0,versicolor
iris-81,5.5,2.4,3.8,1.1,versicolor
iris-82,5.5,2.4,3.7,1.0,versicolor
iris-83,5.8,2.7,3.9,1.2,versicolor
iris-84,6.0,2.7,5.1,1.6,versicolor
iris-85,5.4,3.0,4.5,1.5,versicolor
iris-86,6.0,3.4,4.5,1.6,versicolor
iris-87,6.7,3.1,4.7,1.5,versicolor
iris-88,6.3,2.3,4.4,1.3,versicolor
iris-89,5.6,3.0,4.1,1.3,versicolor
iris-90,5.5,2.5,4.0,1.3,versicolor
iris-91,5.5,2.6,4.4,1.2,versicolor
iris-92,6.1,3.0,4.6,1.4,versicolor
iris-93,5.8,2.6,4.0,1.2,versicolor
iris-94,5.0,2.3,3.3,1.0,versicolor
iris-95,5.6,2.7,4.2,1.3,versicolor
iris-96,5.7,3.0,4.2,1.2,versicolor
iris-97,5.7,2.9,4.2,1.3,versicolor
iris-98,6.2,2.9,4.3,1.3,versicolor
iris-99,5.1,2.5,3.0,1.1,versicolor
iris-100,5.7,2.8,4.1,1.3,versicolor
iris-101,6.3,3.3,6.0,2.5,virginica
iris-102,5.8,2.7,5.1,1.9,virginica
iris-103,7.1,3.0,5.9,2.1,virginica
iris-104,6.3,2.9,5.6,1.8,virginica
iris-105,6.5,3.0,5.8,2.2,virginica
iris-106,7.6,3.0,6.6,2.1,virginica
iris-107,4.9,2.5,4.5,1.7,virginica
iris-108,7.3,2.9,6.3,1.8,virginica
iris-109,6.7,2.5,5.8,1.8,virginica
iris-110,7.2,3.6,6.1,2.5,virginica
iris-111,6.5,3.2,5.1,2.0,virginica
iris-112,6.4,2.7,5.3,1.9,virginica
iris-113,6.8,3.0,5.5,2.1,virginica
iris-114,5.7,2.5,5.0,2.0,virginica
iris-115,5.8,2.8,5.1,2.4,virginica
iris-116,6.4,3.2,5.3,2.3,virginica
iris-117,6.5,3.0,5.5,1.8,virginica
iris-118,7.7,3.8,6.7,2.2,virginica
iris-119,7.7,2.6,6.9,2.3,virginica
iris-120,6.0,2.2,5.0,1.5,virginica
iris-121,6.9,3.2,5.7,2.3,virginica
iris-122,5.6,2.8,4.9,2.0,virginica
iris-123,7.7,2.8,6.7,2.0,virginica
iris-124,6.3,2.7,4.9,1.8,virginica
iris-125,6.7,3.3,5.7,2.1,virginica
iris-126,7.2,3.2,6.0,1.8,virginica
iris-127,6.2,2.8,4.8,1.8,virginica
iris-128,6.1,3.0,4.9,1.8,virginica
iris-129,6.4,2.8,5.6,2.1,virginica
iris-130,7.2,3.0,5.8,1.6,virginica
iris-131,7.4,2.8,6.1,1.9,virginica
iris-132,7.9,3.8,6.4,2.0,virginica
iris-133,6.4,2.8,5.6,2.2,virginica
iris-134,6.3,2.8,5.1,1.5,virginica
iris-135,6.1,2.6,5.6,1.4,virginica
iris-136,7.7,3.0,6.1,2.3,virginica
iris-137,6.3,3.4,5.6,2.4,virginica
iris-138,6.4,3.1,5.5,1.8,virginica
iris-139,6.0,3.0,4.8,1.8,virginica
iris-140,6.9,3.1,5.4,2.1,virginica
iris-141,6.7,3.1,5.6,2.4,virginica
iris-142,6.9,3.1,5.1,2.3,virginica
iris-143,5.8,2.7,5.1,1.9,virginica
iris-144,6.8,3.2,5.9,2.3,virginica
iris-145,6.7,3.3,5.7,2.5,virginica
iris-146,6.7,3.0,5.2,2.3,virginica
iris-147,6.3,2.5,5.0,1.9,virginica
iris-148,6.5,3.0,5.2,2.0,virginica
iris-149,6.2,3.4,5.4,2.3,virginica
iris-150,5.9,3.0,5.1,1.8,virginica
