date,temperature,pressure,flow,batch
2025-01-01,22.0,1.7,80.0,A
2025-01-02,22.275,1.7,81.87,A
2025-01-03,22.548,1.699,83.711,A
2025-01-04,22.82,1.698,85.494,A
2025-01-05,23.087,1.696,87.191,A
2025-01-06,23.35,1.694,88.776,A
2025-01-07,23.608,1.691,90.225,A
2025-01-08,23.858,1.688,91.513,A
2025-01-09,24.1,1.684,92.622,A
2025-01-10,24.334,1.68,93.534,A
2025-01-11,24.557,1.676,94.235,A
2025-01-12,24.769,1.671,94.713,A
2025-01-13,24.969,1.665,94.962,A
2025-01-14,25.157,1.659,94.978,A
2025-01-15,25.331,1.653,94.76,A
2025-01-16,25.491,1.646,94.311,A
2025-01-17,25.636,1.639,93.639,A
2025-01-18,25.765,1.632,92.755,A
2025-01-19,25.878,1.624,91.671,A
2025-01-20,25.975,1.616,90.405,A
2025-01-21,26.054,1.608,88.977,A
2025-01-22,26.117,1.6,87.409,A
2025-01-23,26.162,1.591,85.725,A
2025-01-24,26.189,1.582,83.952,A
2025-01-25,26.198,1.572,82.117,A
2025-01-26,26.19,1.563,80.249,A
2025-01-27,26.164,1.553,78.377,A
2025-01-28,26.12,1.544,76.531,A
2025-01-29,26.06,1.534,74.738,A
2025-01-30,25.982,1.524,73.028,A
2025-01-31,25.887,1.514,71.427,A
2025-02-01,25.777,1.504,69.959,A
2025-02-02,25.65,1.494,68.648,A
2025-02-03,25.509,1.484,67.514,A
2025-02-04,25.353,1.474,66.575,A
2025-02-05,25.184,1.464,65.846,A
2025-02-06,25.002,1.455,65.337,A
2025-02-07,24.808,1.445,65.057,A
2025-02-08,24.602,1.435,65.011,A
2025-02-09,24.387,1.426,65.198,A
2025-02-10,24.162,1.417,65.616,A
2025-02-11,23.93,1.408,66.259,A
2025-02-12,23.69,1.399,67.116,A
2025-02-13,23.444,1.391,68.174,A
2025-02-14,23.194,1.382,69.417,A
2025-02-15,22.939,1.374,70.825,A
2025-02-16,22.683,1.367,72.376,A
2025-02-17,22.425,1.359,74.046,A
2025-02-18,22.167,1.353,75.809,A
2025-02-19,21.909,1.346,77.637,A
2025-02-20,21.654,1.34,79.502,A
2025-02-21,21.403,1.334,81.375,A
2025-02-22,21.156,1.329,83.227,A
2025-02-23,20.914,1.324,85.028,A
2025-02-24,20.68,1.319,86.751,A
2025-02-25,20.453,1.315,88.368,A
2025-02-26,20.235,1.312,89.855,A
2025-02-27,20.028,1.308,91.188,A
2025-02-28,19.831,1.306,92.346,A
2025-03-01,19.645,1.304,93.312,A
2025-03-02,19.473,1.302,94.07,A
2025-03-03,19.314,1.301,94.608,A
2025-03-04,19.169,1.3,94.919,A
2025-03-05,19.039,1.3,94.997,A
2025-03-06,18.924,1.3,94.84,A
2025-03-07,18.826,1.301,94.452,A
2025-03-08,18.744,1.303,93.839,A
2025-03-09,18.678,1.304,93.01,A
2025-03-10,18.631,1.307,91.977,A
2025-03-11,18.6,1.309,90.758,A
2025-03-12,18.588,1.313,89.371,A
2025-03-13,18.593,1.316,87.837,A
2025-03-14,18.615,1.321,86.182,A
2025-03-15,18.656,1.325,84.43,A
2025-03-16,18.714,1.33,82.608,A
2025-03-17,18.789,1.336,80.746,A
2025-03-18,18.882,1.342,78.873,A
2025-03-19,18.991,1.348,77.017,A
2025-03-20,19.116,1.355,75.207,A
2025-03-21,19.257,1.362,73.473,A
2025-03-22,19.413,1.369,71.84,A
2025-03-23,19.584,1.377,70.334,A
2025-03-24,19.768,1.385,68.98,A
2025-03-25,19.966,1.393,67.797,A
2025-03-26,20.175,1.402,66.805,A
2025-03-27,20.396,1.411,66.018,A
2025-03-28,20.626,1.42,65.45,A
2025-03-29,20.867,1.429,65.109,A
2025-03-30,21.115,1.439,65.0,A
2025-03-31,21.371,1.448,65.125,A
2025-04-01,21.632,1.458,65.483,B
2025-04-02,21.899,1.468,66.067,B
2025-04-03,22.169,1.478,66.868,B
2025-04-04,22.443,1.488,67.875,B
2025-04-05,22.717,1.498,69.07,B
2025-04-06,22.992,1.508,70.436,B
2025-04-07,23.266,1.517,71.951,B
2025-04-08,23.538,1.527,73.592,B
2025-04-09,23.807,1.537,75.333,B
2025-04-10,24.071,1.547,77.147,B
2025-04-11,24.33,1.557,79.005,B
2025-04-12,24.582,1.566,80.879,B
2025-04-13,24.826,1.576,82.739,B
2025-04-14,25.062,1.585,84.556,B
2025-04-15,25.288,1.594,86.303,B
2025-04-16,25.503,1.602,87.95,B
2025-04-17,25.706,1.611,89.474,B
2025-04-18,25.897,1.619,90.85,B
2025-04-19,26.075,1.627,92.057,B
2025-04-20,26.238,1.635,93.075,B
2025-04-21,26.387,1.642,93.89,B
2025-04-22,26.52,1.649,94.487,B
2025-04-23,26.637,1.655,94.859,B
2025-04-24,26.738,1.661,94.999,B
2025-04-25,26.822,1.667,94.905,B
2025-04-26,26.888,1.672,94.578,B
2025-04-27,26.938,1.677,94.023,B
2025-04-28,26.969,1.682,93.25,B
2025-04-29,26.983,1.685,92.27,B
2025-04-30,26.979,1.689,91.099,B
2025-05-01,26.957,1.692,89.754,B
2025-05-02,26.918,1.695,88.258,B
2025-05-03,26.862,1.697,86.632,B
2025-05-04,26.788,1.698,84.903,B
2025-05-05,26.698,1.699,83.097,B
2025-05-06,26.591,1.7,81.243,B
2025-05-07,26.468,1.7,79.37,B
2025-05-08,26.331,1.7,77.506,B
2025-05-09,26.179,1.699,75.681,B
2025-05-10,26.013,1.697,73.924,B
2025-05-11,25.834,1.695,72.262,B
2025-05-12,25.642,1.693,70.72,B
2025-05-13,25.44,1.69,69.323,B
2025-05-14,25.227,1.687,68.093,B
2025-05-15,25.004,1.683,67.048,B
2025-05-16,24.773,1.679,66.206,B
2025-05-17,24.535,1.674,65.579,B
2025-05-18,24.291,1.669,65.177,B
2025-05-19,24.042,1.663,65.006,B
2025-05-20,23.788,1.657,65.069,B
2025-05-21,23.532,1.651,65.366,B
2025-05-22,23.274,1.644,65.89,B
2025-05-23,23.016,1.637,66.635,B
2025-05-24,22.758,1.629,67.588,B
2025-05-25,22.503,1.622,68.735,B
2025-05-26,22.25,1.614,70.058,B
2025-05-27,22.002,1.605,71.536,B
2025-05-28,21.759,1.597,73.146,B
2025-05-29,21.523,1.588,74.863,B
2025-05-30,21.294,1.579,76.66,B
2025-05-31,21.074,1.569,78.509,B
2025-06-01,20.863,1.56,80.382,B
2025-06-02,20.664,1.55,82.248,B
2025-06-03,20.476,1.541,84.08,B
2025-06-04,20.3,1.531,85.847,B
2025-06-05,20.137,1.521,87.524,B
2025-06-06,19.989,1.511,89.083,B
2025-06-07,19.855,1.501,90.5,B
2025-06-08,19.736,1.491,91.754,B
2025-06-09,19.634,1.481,92.824,B
2025-06-10,19.548,1.471,93.694,B
2025-06-11,19.478,1.461,94.35,B
2025-06-12,19.426,1.451,94.783,B
2025-06-13,19.392,1.442,94.985,B
2025-06-14,19.374,1.432,94.952,B
2025-06-15,19.375,1.423,94.687,B
2025-06-16,19.393,1.414,94.192,B
2025-06-17,19.43,1.405,93.476,B
2025-06-18,19.483,1.396,92.55,B
2025-06-19,19.554,1.388,91.428,B
2025-06-20,19.643,1.38,90.127,B
2025-06-21,19.748,1.372,88.668,B
2025-06-22,19.869,1.364,87.075,B
2025-06-23,20.006,1.357,85.37,B
2025-06-24,20.159,1.35,83.582,B
2025-06-25,20.326,1.344,81.738,B
2025-06-26,20.507,1.338,79.867,B
2025-06-27,20.701,1.332,77.998,B
2025-06-28,20.907,1.327,76.16,B
2025-06-29,21.125,1.322,74.383,B
